country,year,co2
South Africa,1990,350
South Africa,1995,390
South Africa,2000,410
South Africa,2005,430
South Africa,2010,450
South Africa,2015,470
South Africa,2020,490
South Africa,2024,520
Nigeria,1990,150
Nigeria,1995,165
Nigeria,2000,180
Nigeria,2005,200
Nigeria,2010,220
Nigeria,2015,250
Nigeria,2020,280
Nigeria,2024,300
Kenya,1990,40
Kenya,1995,45
Kenya,2000,50
Kenya,2005,55
Kenya,2010,60
Kenya,2015,70
Kenya,2020,85
Kenya,2024,90
Egypt,1990,200
Egypt,1995,230
Egypt,2000,260
Egypt,2005,290
Egypt,2010,330
Egypt,2015,370
Egypt,2020,410
Egypt,2024,450
Germany,1990,850
Germany,1995,830
Germany,2000,780
Germany,2005,740
Germany,2010,700
Germany,2015,660
Germany,2020,630
Germany,2024,600
USA,1990,5000
USA,1995,5200
USA,2000,5400
USA,2005,5600
USA,2010,5400
USA,2015,5200
USA,2020,5000
USA,2024,4900
China,1990,2400
China,1995,2600
China,2000,3000
China,2005,3500
China,2010,4200
China,2015,4800
China,2020,5200
China,2024,5400
India,1990,800
India,1995,900
India,2000,1100
India,2005,1400
India,2010,1800
India,2015,2200
India,2020,2600
India,2024,2900
Brazil,1990,400
Brazil,1995,420
Brazil,2000,440
Brazil,2005,460
Brazil,2010,490
Brazil,2015,520
Brazil,2020,540
Brazil,2024,550

