country,year,energy_use,renewables_pct
South Africa,1990,2400,8
South Africa,1995,2500,9
South Africa,2000,2700,10
South Africa,2005,2900,11
South Africa,2010,3100,13
South Africa,2015,3300,15
South Africa,2020,3500,17
South Africa,2024,3700,20
Nigeria,1990,800,30
Nigeria,1995,850,32
Nigeria,2000,900,33
Nigeria,2005,950,34
Nigeria,2010,1000,36
Nigeria,2015,1100,38
Nigeria,2020,1250,40
Nigeria,2024,1400,42
Kenya,1990,600,45
Kenya,1995,650,47
Kenya,2000,700,48
Kenya,2005,750,50
Kenya,2010,800,52
Kenya,2015,850,54
Kenya,2020,900,55
Kenya,2024,950,57
Egypt,1990,1300,12
Egypt,1995,1400,13
Egypt,2000,1600,14
Egypt,2005,1800,15
Egypt,2010,2000,16
Egypt,2015,2200,18
Egypt,2020,2500,20
Egypt,2024,2700,22
Germany,1990,4000,8
Germany,1995,4100,10
Germany,2000,4200,13
Germany,2005,4300,16
Germany,2010,4400,19
Germany,2015,4500,25
Germany,2020,4600,30
Germany,2024,4700,35
USA,1990,8000,6
USA,1995,8500,7
USA,2000,9000,8
USA,2005,9500,9
USA,2010,9800,11
USA,2015,10000,13
USA,2020,10200,15
USA,2024,10400,18
China,1990,2500,5
China,1995,2700,6
China,2000,3000,7
China,2005,3500,8
China,2010,4200,9
China,2015,5000,10
China,2020,5800,12
China,2024,6400,14
India,1990,1800,9
India,1995,2000,10
India,2000,2300,11
India,2005,2600,13
India,2010,3000,14
India,2015,3400,16
India,2020,3700,18
India,2024,4000,20
Brazil,1990,1200,35
Brazil,1995,1300,37
Brazil,2000,1400,39
Brazil,2005,1500,41
Brazil,2010,1600,43
Brazil,2015,1700,46
Brazil,2020,1800,48
Brazil,2024,1900,50

