country,year,gdp
South Africa,1990,150
South Africa,1995,180
South Africa,2000,220
South Africa,2005,260
South Africa,2010,300
South Africa,2015,340
South Africa,2020,370
South Africa,2024,400
Nigeria,1990,70
Nigeria,1995,80
Nigeria,2000,90
Nigeria,2005,100
Nigeria,2010,130
Nigeria,2015,170
Nigeria,2020,200
Nigeria,2024,230
Kenya,1990,25
Kenya,1995,30
Kenya,2000,40
Kenya,2005,55
Kenya,2010,75
Kenya,2015,95
Kenya,2020,115
Kenya,2024,140
Egypt,1990,80
Egypt,1995,100
Egypt,2000,130
Egypt,2005,160
Egypt,2010,200
Egypt,2015,250
Egypt,2020,300
Egypt,2024,340
Germany,1990,1800
Germany,1995,2000
Germany,2000,2200
Germany,2005,2400
Germany,2010,2700
Germany,2015,2900
Germany,2020,3100
Germany,2024,3300
USA,1990,6000
USA,1995,7000
USA,2000,9000
USA,2005,11000
USA,2010,13000
USA,2015,15000
USA,2020,17000
USA,2024,19000
China,1990,500
China,1995,800
China,2000,1200
China,2005,2500
China,2010,5000
China,2015,9000
China,2020,13000
China,2024,17000
India,1990,400
India,1995,500
India,2000,700
India,2005,900
India,2010,1300
India,2015,2000
India,2020,2800
India,2024,3500
Brazil,1990,400
Brazil,1995,450
Brazil,2000,500
Brazil,2005,600
Brazil,2010,700
Brazil,2015,850
Brazil,2020,950
Brazil,2024,1100

